original_cypher,semantic_cypher
"MATCH (m_0fjvv:FBNode {mid: 'm.0fjvv'})-[:`ASTRONOMY_CELESTIAL_OBJECT_CATEGORY_OBJECTS`]->(star) MATCH (star)-[:`ASTRONOMY_STAR_TEMPERATURE_K`]->(temperature) RETURN DISTINCT star ORDER BY temperature ASC LIMIT 1","CALL semantic.matchSubgraph(\"MATCH (m_0fjvv:FBNode {mid: 'm.0fjvv'})-[{~description: 'ASTRONOMY_CELESTIAL_OBJECT_CATEGORY_OBJECTS'}]->(star), (star)-[{~description: 'ASTRONOMY_STAR_TEMPERATURE_K'}]->(temperature) RETURN *\", true) YIELD row RETURN DISTINCT row.star ORDER BY row.temperature.temperature ASC LIMIT 1"
"MATCH (m_02sj5fc:FBNode {mid: 'm.02sj5fc'})-[:`MEASUREMENT_UNIT_RADIANT_INTENSITY_UNIT_MEASUREMENT_SYSTEM`]->(measurement_system) RETURN DISTINCT measurement_system","CALL semantic.matchSubgraph(\"MATCH (m_02sj5fc:FBNode {mid: 'm.02sj5fc'})-[{~description: 'MEASUREMENT_UNIT_RADIANT_INTENSITY_UNIT_MEASUREMENT_SYSTEM'}]->(measurement_system) RETURN *\", true) YIELD row RETURN DISTINCT row.measurement_system"
"MATCH (m_02sj567:FBNode {mid: 'm.02sj567'})-[:`MEASUREMENT_UNIT_PERMITTIVITY_UNIT_MEASUREMENT_SYSTEM`]->(measurement_system) RETURN DISTINCT measurement_system","CALL semantic.matchSubgraph(\"MATCH (m_02sj567:FBNode {mid: 'm.02sj567'})-[{~description: 'MEASUREMENT_UNIT_PERMITTIVITY_UNIT_MEASUREMENT_SYSTEM'}]->(measurement_system) RETURN *\", true) YIELD row RETURN DISTINCT row.measurement_system"
"MATCH (m_04d1kq9:FBNode {mid: 'm.04d1kq9'})-[:`MEDICINE_MEDICAL_TRIAL_TREATMENT_BEING_TESTED`]->(trial) MATCH (trial)-[:`MEDICINE_MEDICAL_TREATMENT_TRIALS`]->(enrollment) RETURN DISTINCT trial","CALL semantic.matchSubgraph(\"MATCH (m_04d1kq9:FBNode {mid: 'm.04d1kq9'})-[{~description: 'MEDICINE_MEDICAL_TRIAL_TREATMENT_BEING_TESTED'}]->(trial), (trial)-[{~description: 'MEDICINE_MEDICAL_TREATMENT_TRIALS'}]->(enrollment) RETURN *\", true) YIELD row RETURN DISTINCT row.trial"
"MATCH (m_03_2yh:FBNode {mid: 'm.03_2yh'})-[:`COMPUTER_FILE_FORMAT_GENRE`]->(genre) MATCH (genre)-[:`COMPUTER_FILE_FORMAT_GENRE_FILE_FORMATS`]->(file_format) RETURN DISTINCT file_format","CALL semantic.matchSubgraph(\"MATCH (m_03_2yh:FBNode {mid: 'm.03_2yh'})-[{~description: 'COMPUTER_FILE_FORMAT_GENRE'}]->(genre), (genre)-[{~description: 'COMPUTER_FILE_FORMAT_GENRE_FILE_FORMATS'}]->(file_format) RETURN *\", true) YIELD row RETURN DISTINCT row.file_format"
"MATCH (m_01m2v:FBNode {mid: 'm.01m2v'})-[:`COMPUTER_COMPUTER_PERIPHERAL_SUPPORTING_GAMES`]->(game) MATCH (game)-[:`CVG_COMPUTER_VIDEOGAME_CVG_GENRE`]->(genre) MATCH (genre)-[:`MEDIA_COMMON_MEDIA_GENRE_PARENT_GENRE`]->(parent_genre) RETURN DISTINCT game","CALL semantic.matchSubgraph(\"MATCH (m_01m2v:FBNode {mid: 'm.01m2v'})-[{~description: 'COMPUTER_COMPUTER_PERIPHERAL_SUPPORTING_GAMES'}]->(game), (game)-[{~description: 'CVG_COMPUTER_VIDEOGAME_CVG_GENRE'}]->(genre), (genre)-[{~description: 'MEDIA_COMMON_MEDIA_GENRE_PARENT_GENRE'}]->(parent_genre) RETURN *\", true) YIELD row RETURN DISTINCT row.game"
"MATCH (m_082vy:FBNode {mid: 'm.082vy'})-[:`COMPUTER_SOFTWARE_GENRE_SOFTWARE_IN_GENRE`]->(software) RETURN DISTINCT software","CALL semantic.matchSubgraph(\"MATCH (m_082vy:FBNode {mid: 'm.082vy'})-[{~description: 'COMPUTER_SOFTWARE_GENRE_SOFTWARE_IN_GENRE'}]->(software) RETURN *\", true) YIELD row RETURN DISTINCT row.software"
"MATCH (m_03q3pn:FBNode {mid: 'm.03q3pn'})-[:`ASTRONOMY_GALACTIC_SHAPE_GALAXIES_OF_THIS_SHAPE`]->(galaxy_code) RETURN DISTINCT galaxy_code","CALL semantic.matchSubgraph(\"MATCH (m_03q3pn:FBNode {mid: 'm.03q3pn'})-[{~description: 'ASTRONOMY_GALACTIC_SHAPE_GALAXIES_OF_THIS_SHAPE'}]->(galaxy_code) RETURN *\", true) YIELD row RETURN DISTINCT row.galaxy_code"
"MATCH (m_0fksj:FBNode {mid: 'm.0fksj'})-[:`MEASUREMENT_UNIT_MAGNETIC_FIELD_STRENGTH_UNIT_MEASUREMENT_SYSTEM`]->(measurement_system) RETURN DISTINCT measurement_system","CALL semantic.matchSubgraph(\"MATCH (m_0fksj:FBNode {mid: 'm.0fksj'})-[{~description: 'MEASUREMENT_UNIT_MAGNETIC_FIELD_STRENGTH_UNIT_MEASUREMENT_SYSTEM'}]->(measurement_system) RETURN *\", true) YIELD row RETURN DISTINCT row.measurement_system"
"MATCH (m_010g06mg:FBNode {mid: 'm.010g06mg'})-[:`FICTIONAL_UNIVERSE_CHARACTER_SPECIES_CHARACTERS_OF_THIS_SPECIES`]->(character) RETURN DISTINCT character","CALL semantic.matchSubgraph(\"MATCH (m_010g06mg:FBNode {mid: 'm.010g06mg'})-[{~description: 'FICTIONAL_UNIVERSE_CHARACTER_SPECIES_CHARACTERS_OF_THIS_SPECIES'}]->(character) RETURN *\", true) YIELD row RETURN DISTINCT row.character"